,Cost [EUR],Risk [EUR],Carbon [EUR]
min Cost,24915676.081655864,10371.458351541847,811572.9413216623
min Risk,25764996.40838042,0.0,837659.0269781764
min Carbon,26242891.21733079,13517.41365249302,691803.1784189998
